Naked,4
Pleb,5.555555556
Gardener,6.666666667
Shower lover,8.333333333
Caveman,11.11111111
M'lady,16.66666667
Monk,20
Traveller,25
Devil,33.33333333
Gangsta rider,50
Chaotic soul,100
