Root,5
Devil,5.882352941
Nerd,7.142857143
Circus,9.090909091
Questionablestyle,10
Sherlock,12.5
Chicken,14.28571429
Punk,16.66666667
Octopus,20
Funkystar,50